Variable_Name,Group,Description_CN,Original_Operability,Stage_ID,Stage_Name,Stage_Source,Signal_Class,Keep_All,Keep_xin1,Keep_xin2,Decision_Reason,Present_In_Input_Parquet
FX_LT_611,C,二次K6-1贮药箱(贮罐)液位,observable,1,药剂合成,annotated_md,process_state,keep,keep,keep,该变量直接表征矿浆流态、药剂环境或分选状态，建议保留。,yes
MC2_PET101_AI,A,1#新建强磁前浓缩机底流泵出口管道压力,observable,2,磁选分离,annotated_md,magnetic_core_state,keep,keep,drop,专家知识将其列为磁选区核心控制/状态量。,yes
MC2_PET201_AI,A,1#机械澄清池底流泵出口管道压力,observable,2,磁选分离,heuristic,magnetic_core_state,keep,keep,drop,专家知识将其列为磁选区核心控制/状态量。,yes
MC2_PET202_AI,B,2#机械澄清池底流泵出口管道压力,observable,2,磁选分离,heuristic,magnetic_core_state,keep,drop,keep,专家知识将其列为磁选区核心控制/状态量。,yes
MC2_QC501_WKF2_AI,C,2#尾矿阀门实际开度反馈值,observable,2,磁选分离,annotated_md,magnetic_core_state,keep,keep,keep,专家知识将其列为磁选区核心控制/状态量。,yes
MC2_QC502_LCDL_AI,C,励磁电流值,operable,2,磁选分离,annotated_md,magnetic_core_state,keep,keep,keep,专家知识将其列为磁选区核心控制/状态量。,yes
MC2_QC502_LCDY_AI,C,励磁电压值,operable,2,磁选分离,heuristic,magnetic_core_state,keep,keep,keep,专家知识将其列为磁选区核心控制/状态量。,yes
MC2_QC504_LCDL_AI,C,励磁电流值,operable,2,磁选分离,annotated_md,magnetic_core_state,keep,keep,keep,专家知识将其列为磁选区核心控制/状态量。,yes
MC2_QC505_LCDL_AI,C,励磁电流值,operable,2,磁选分离,annotated_md,magnetic_core_state,keep,keep,keep,专家知识将其列为磁选区核心控制/状态量。,yes
MC2_QC505_XKYW_AI,C,选矿液位,observable,2,磁选分离,heuristic,magnetic_core_state,keep,keep,keep,专家知识将其列为磁选区核心控制/状态量。,yes
MC2_QC506_LCDY_AI,C,励磁电压值,operable,2,磁选分离,annotated_md,magnetic_core_state,keep,keep,keep,专家知识将其列为磁选区核心控制/状态量。,yes
MC2_QC506_WKF2_AI,C,2#尾矿阀门实际开度反馈值,observable,2,磁选分离,annotated_md,magnetic_core_state,keep,keep,keep,专家知识将其列为磁选区核心控制/状态量。,yes
MC2_QC507_LCDL_AI,C,励磁电流值,operable,2,磁选分离,heuristic,magnetic_core_state,keep,keep,keep,专家知识将其列为磁选区核心控制/状态量。,yes
MC2_QC507_XKYW_AI,C,选矿液位,observable,2,磁选分离,heuristic,magnetic_core_state,keep,keep,keep,专家知识将其列为磁选区核心控制/状态量。,yes
MC2_QC508_CKSYL_AI,C,冲矿水压力值,observable,2,磁选分离,annotated_md,magnetic_core_state,keep,keep,keep,专家知识将其列为磁选区核心控制/状态量。,yes
MC2_QC508_LCDL_AI,C,励磁电流值,operable,2,磁选分离,annotated_md,magnetic_core_state,keep,keep,keep,专家知识将其列为磁选区核心控制/状态量。,yes
MC2_QC508_LCDY_AI,C,励磁电压值,operable,2,磁选分离,annotated_md,magnetic_core_state,keep,keep,keep,专家知识将其列为磁选区核心控制/状态量。,yes
MC2_QC508_XKYW_AI,C,选矿液位,observable,2,磁选分离,annotated_md,magnetic_core_state,keep,keep,keep,专家知识将其列为磁选区核心控制/状态量。,yes
MC2_QC510_LCDL_AI,C,励磁电流值,operable,2,磁选分离,annotated_md,magnetic_core_state,keep,keep,keep,专家知识将其列为磁选区核心控制/状态量。,yes
MC2_QC510_LCDY_AI,C,励磁电压值,operable,2,磁选分离,annotated_md,magnetic_core_state,keep,keep,keep,专家知识将其列为磁选区核心控制/状态量。,yes
MC2_QC606_LCDY_AI,C,励磁电压值,operable,2,磁选分离,heuristic,magnetic_core_state,keep,keep,keep,专家知识将其列为磁选区核心控制/状态量。,yes
MC2_QC606_WKF1_AI,C,1#尾矿阀门实际开度反馈值,observable,2,磁选分离,annotated_md,magnetic_core_state,keep,keep,keep,专家知识将其列为磁选区核心控制/状态量。,yes
MC2_QC606_WKF2_AI,C,2#尾矿阀门实际开度反馈值,observable,2,磁选分离,heuristic,magnetic_core_state,keep,keep,keep,专家知识将其列为磁选区核心控制/状态量。,yes
MC2_QC607_LCDL_AI,C,励磁电流值,operable,2,磁选分离,annotated_md,magnetic_core_state,keep,keep,keep,专家知识将其列为磁选区核心控制/状态量。,yes
MC2_QC607_LCDY_AI,C,励磁电压值,operable,2,磁选分离,annotated_md,magnetic_core_state,keep,keep,keep,专家知识将其列为磁选区核心控制/状态量。,yes
MC2_QC607_WKF2_AI,C,2#尾矿阀门实际开度反馈值,observable,2,磁选分离,heuristic,magnetic_core_state,keep,keep,keep,专家知识将其列为磁选区核心控制/状态量。,yes
MC2_QC608_LCDL_AI,C,励磁电流值,operable,2,磁选分离,annotated_md,magnetic_core_state,keep,keep,keep,专家知识将其列为磁选区核心控制/状态量。,yes
MC2_QC609_CKSCKYL_AI,C,冲矿水出口压力值,observable,2,磁选分离,heuristic,magnetic_core_state,keep,keep,keep,专家知识将其列为磁选区核心控制/状态量。,yes
MC2_QC609_LCDL_AI,C,励磁电流值,operable,2,磁选分离,annotated_md,magnetic_core_state,keep,keep,keep,专家知识将其列为磁选区核心控制/状态量。,yes
MC2_QC609_LCDY_AI,C,励磁电压值,operable,2,磁选分离,annotated_md,magnetic_core_state,keep,keep,keep,专家知识将其列为磁选区核心控制/状态量。,yes
MC2_QC610_LCDY_AI,C,励磁电压值,operable,2,磁选分离,annotated_md,magnetic_core_state,keep,keep,keep,专家知识将其列为磁选区核心控制/状态量。,yes
MC2_QC610_XKYW_AI,C,选矿液位,observable,2,磁选分离,annotated_md,magnetic_core_state,keep,keep,keep,专家知识将其列为磁选区核心控制/状态量。,yes
MC1_FET102_AI,C,1#三次分级旋流器给矿管道流量,operable,3,塔磨分级,annotated_md,grinding_classification_state,keep,keep,keep,专家知识将其列为塔磨/旋流器主回路变量。,yes
MC1_FET202_AI,C,2#三次分级旋流器给矿管道流量,operable,3,塔磨分级,heuristic,grinding_classification_state,keep,keep,keep,专家知识将其列为塔磨/旋流器主回路变量。,yes
MC1_FET302_AI,C,3#三次分级旋流器给矿管道流量,operable,3,塔磨分级,annotated_md,grinding_classification_state,keep,keep,keep,专家知识将其列为塔磨/旋流器主回路变量。,yes
MC1_FET402_AI,C,4#三次分级旋流器给矿管道流量,operable,3,塔磨分级,annotated_md,grinding_classification_state,keep,keep,keep,专家知识将其列为塔磨/旋流器主回路变量。,yes
MC1_FET502_AI,C,5#三次分级旋流器给矿管道流量,operable,3,塔磨分级,annotated_md,grinding_classification_state,keep,keep,keep,专家知识将其列为塔磨/旋流器主回路变量。,yes
MC1_FET503_AI,C,3#三次分级旋流器给矿泵池加水管道流量,operable,3,塔磨分级,annotated_md,grinding_classification_state,keep,keep,keep,专家知识将其列为塔磨/旋流器主回路变量。,yes
MC1_FET601_AI,C,6#三次分级旋流器沉砂加水管道流量,observable,3,塔磨分级,heuristic,grinding_classification_state,keep,keep,keep,专家知识将其列为塔磨/旋流器主回路变量。,yes
MC1_FET602_AI,C,6#三次分级旋流器给矿管道流量,operable,3,塔磨分级,annotated_md,grinding_classification_state,keep,keep,keep,专家知识将其列为塔磨/旋流器主回路变量。,yes
MC1_FV101_AO,C,1#三次分级旋流器沉砂加水管道阀位给定,observable,3,塔磨分级,heuristic,direct_control,keep,keep,keep,该变量属于可下发的控制指令或设定值，必须保留。,yes
MC1_FV201_AI,C,2#三次分级旋流器沉砂加水管道阀位反馈,observable,3,塔磨分级,annotated_md,grinding_classification_state,keep,keep,keep,专家知识将其列为塔磨/旋流器主回路变量。,yes
MC1_FV201_AO,C,2#三次分级旋流器沉砂加水管道阀位给定,observable,3,塔磨分级,heuristic,direct_control,keep,keep,keep,该变量属于可下发的控制指令或设定值，必须保留。,yes
MC1_FV301_AO,C,3#三次分级旋流器沉砂加水管道阀位给定,observable,3,塔磨分级,heuristic,direct_control,keep,keep,keep,该变量属于可下发的控制指令或设定值，必须保留。,yes
MC1_FV501_AO,C,5#三次分级旋流器沉砂加水管道阀位给定,observable,3,塔磨分级,heuristic,direct_control,keep,keep,keep,该变量属于可下发的控制指令或设定值，必须保留。,yes
MC1_GKB709_HZ,C,9#三旋给矿泵频率反馈,observable,3,塔磨分级,heuristic,grinding_classification_state,keep,keep,keep,专家知识将其列为塔磨/旋流器主回路变量。,yes
MC1_LET101_AI,C,1#三次分级旋流器给矿泵池液位,observable,3,塔磨分级,heuristic,grinding_classification_state,keep,keep,keep,专家知识将其列为塔磨/旋流器主回路变量。,yes
MC1_LV101_AO,C,1#三次分级旋流器给矿泵池加水阀位给定,operable,3,塔磨分级,heuristic,direct_control,keep,keep,keep,该变量属于可下发的控制指令或设定值，必须保留。,yes
MC1_LV301_AO,C,2#三次分级旋流器给矿泵池加水阀位给定,operable,3,塔磨分级,heuristic,direct_control,keep,keep,keep,该变量属于可下发的控制指令或设定值，必须保留。,yes
MC2_YLB811_HZ,C,11#旋流器溢流泵频率反馈,observable,3,塔磨分级,annotated_md,grinding_classification_state,keep,keep,keep,专家知识将其列为塔磨/旋流器主回路变量。,yes
MC2_NSJ_LPYL_AI,C,落耙压力,observable,4,浓缩缓冲,heuristic,process_state,keep,keep,keep,该变量直接表征矿浆流态、药剂环境或分选状态，建议保留。,yes
MC2_NSJ_TPYL_AI,C,提耙压力,observable,4,浓缩缓冲,annotated_md,process_state,keep,keep,keep,该变量直接表征矿浆流态、药剂环境或分选状态，建议保留。,yes
FX_FT_1702,A,一系列1#-2高效高效搅拌槽入矿管道流量,observable,5,调浆激发,annotated_md,flotation_core_state,keep,keep,drop,专家知识将其列为浮选回路关键状态/加药/气量变量。,yes
FX_HGB2204_I,A,化工泵(输送一次CaO)2204电流反馈,observable,5,调浆激发,heuristic,flotation_core_state,keep,keep,drop,专家知识将其列为浮选回路关键状态/加药/气量变量。,yes
FX_LGB2401_I,A,螺杆泵(输送二次TD-II精选)2401电流反馈,observable,5,调浆激发,heuristic,flotation_core_state,keep,keep,drop,专家知识将其列为浮选回路关键状态/加药/气量变量。,yes
FX_LGB2403_I,A,螺杆泵(输送二次TD-II精选)2403电流反馈,observable,5,调浆激发,heuristic,flotation_core_state,keep,keep,drop,专家知识将其列为浮选回路关键状态/加药/气量变量。,yes
FX_TV_1103_AO,A,一系列1#-2高效搅拌槽加蒸汽电动调节蝶阀TV-1103阀位给定信号,observable,5,调浆激发,heuristic,direct_control,keep,keep,drop,该变量属于可下发的控制指令或设定值，必须保留。,yes
FX_AT_2104,B,二系列3#-4高效搅拌槽PH值,observable,5,调浆激发,heuristic,flotation_core_state,keep,drop,keep,专家知识将其列为浮选回路关键状态/加药/气量变量。,yes
FX_FT_2701,B,二系列1#-3高效高效搅拌槽入矿管道流量,observable,5,调浆激发,annotated_md,flotation_core_state,keep,drop,keep,专家知识将其列为浮选回路关键状态/加药/气量变量。,yes
FX_FT_2702,B,二系列1#-4高效高效搅拌槽入矿管道流量,observable,5,调浆激发,annotated_md,flotation_core_state,keep,drop,keep,专家知识将其列为浮选回路关键状态/加药/气量变量。,yes
FX_LGB2302_I,B,螺杆泵(输送二次TD-II粗选)2302电流反馈,observable,5,调浆激发,heuristic,flotation_core_state,keep,drop,keep,专家知识将其列为浮选回路关键状态/加药/气量变量。,yes
FX_TV_2101_AO,B,二系列1#-1高效搅拌槽加蒸汽电动调节蝶阀TV-2101阀位给定信号,observable,5,调浆激发,heuristic,direct_control,keep,drop,keep,该变量属于可下发的控制指令或设定值，必须保留。,yes
FX_HGB2201_F,C,化工泵(输送一次CaO)2201频率反馈,observable,5,调浆激发,heuristic,flotation_core_state,keep,keep,keep,专家知识将其列为浮选回路关键状态/加药/气量变量。,yes
FX_HGB2203_I,C,化工泵(输送一次CaO)2203电流反馈,observable,5,调浆激发,heuristic,flotation_core_state,keep,keep,keep,专家知识将其列为浮选回路关键状态/加药/气量变量。,yes
FX_HGB2204_F,A,化工泵(输送一次CaO)2204频率反馈,observable,6,浮选网络,annotated_md,flotation_core_state,keep,keep,drop,专家知识将其列为浮选回路关键状态/加药/气量变量。,yes
FX_LGB2303_I,A,螺杆泵(输送二次TD-II粗选)2303电流反馈,observable,6,浮选网络,annotated_md,flotation_core_state,keep,keep,drop,专家知识将其列为浮选回路关键状态/加药/气量变量。,yes
FX_LGB2404_F_W,A,螺杆泵(输送二次TD-II精选)2404频率给定,operable,6,浮选网络,annotated_md,direct_control,keep,keep,drop,该变量属于可下发的控制指令或设定值，必须保留。,yes
FX_LGB2701_F,A,螺杆泵(输送二次NaOH)2701频率反馈,observable,6,浮选网络,annotated_md,flotation_core_state,keep,keep,drop,专家知识将其列为浮选回路关键状态/加药/气量变量。,yes
FX_LT_1603,A,一系列三扫底流泵池(给二扫)液位,observable,6,浮选网络,annotated_md,process_state,keep,keep,drop,该变量直接表征矿浆流态、药剂环境或分选状态，建议保留。,yes
FX_X1CX1_AI9,A,Ⅰ系列粗选1作业气量2实际值,observable,6,浮选网络,annotated_md,flotation_core_state,keep,keep,drop,专家知识将其列为浮选回路关键状态/加药/气量变量。,yes
FX_X1CX2_AI1,A,Ⅰ系列粗选2作业泡沫层厚度实际值,observable,6,浮选网络,annotated_md,flotation_core_state,keep,keep,drop,专家知识将其列为浮选回路关键状态/加药/气量变量。,yes
FX_X1CX2_AI5,A,Ⅰ系列粗选2作业气量1实际值,observable,6,浮选网络,annotated_md,flotation_core_state,keep,keep,drop,专家知识将其列为浮选回路关键状态/加药/气量变量。,yes
FX_X1CX2_AI6,A,Ⅰ系列粗选2作业气量1设定值显示,observable,6,浮选网络,heuristic,flotation_core_state,keep,keep,drop,专家知识将其列为浮选回路关键状态/加药/气量变量。,yes
FX_X1CX2_AI9,A,Ⅰ系列粗选2作业气量2实际值,observable,6,浮选网络,annotated_md,flotation_core_state,keep,keep,drop,专家知识将其列为浮选回路关键状态/加药/气量变量。,yes
FX_X1CX3_AI1,A,Ⅰ系列粗选3作业泡沫层厚度实际值,observable,6,浮选网络,annotated_md,flotation_core_state,keep,keep,drop,专家知识将其列为浮选回路关键状态/加药/气量变量。,yes
FX_X1CX3_AI3,A,Ⅰ系列粗选3作业液位阀1开度实际值,observable,6,浮选网络,heuristic,process_state,keep,keep,drop,该变量直接表征矿浆流态、药剂环境或分选状态，建议保留。,yes
FX_X1CX3_AI5,A,Ⅰ系列粗选3作业气量1实际值,observable,6,浮选网络,annotated_md,flotation_core_state,keep,keep,drop,专家知识将其列为浮选回路关键状态/加药/气量变量。,yes
FX_X1CX3_AI6,A,Ⅰ系列粗选3作业气量1设定值显示,observable,6,浮选网络,heuristic,flotation_core_state,keep,keep,drop,专家知识将其列为浮选回路关键状态/加药/气量变量。,yes
FX_X1CX3_AI9,A,Ⅰ系列粗选3作业气量2实际值,observable,6,浮选网络,annotated_md,flotation_core_state,keep,keep,drop,专家知识将其列为浮选回路关键状态/加药/气量变量。,yes
FX_X1JX_AI1,A,Ⅰ系列精选作业泡沫层厚度实际值,observable,6,浮选网络,annotated_md,flotation_core_state,keep,keep,drop,专家知识将其列为浮选回路关键状态/加药/气量变量。,yes
FX_X1JX_AI15,A,Ⅰ系列精选作业气量3设定值显示,observable,6,浮选网络,heuristic,flotation_core_state,keep,keep,drop,专家知识将其列为浮选回路关键状态/加药/气量变量。,yes
FX_X1JX_AI3,A,Ⅰ系列精选作业液位阀1开度实际值,observable,6,浮选网络,annotated_md,process_state,keep,keep,drop,该变量直接表征矿浆流态、药剂环境或分选状态，建议保留。,yes
FX_X1JX_AI9,A,Ⅰ系列精选作业气量2实际值,observable,6,浮选网络,annotated_md,flotation_core_state,keep,keep,drop,专家知识将其列为浮选回路关键状态/加药/气量变量。,yes
FX_X1SX1_AI11,A,Ⅰ系列扫选1作业气量2设定值显示,observable,6,浮选网络,heuristic,flotation_core_state,keep,keep,drop,专家知识将其列为浮选回路关键状态/加药/气量变量。,yes
FX_X1SX1_AI13,A,Ⅰ系列扫选1作业气量3实际值,observable,6,浮选网络,heuristic,flotation_core_state,keep,keep,drop,专家知识将其列为浮选回路关键状态/加药/气量变量。,yes
FX_X1SX1_AI5,A,Ⅰ系列扫选1作业气量1实际值,observable,6,浮选网络,annotated_md,flotation_core_state,keep,keep,drop,专家知识将其列为浮选回路关键状态/加药/气量变量。,yes
FX_X1SX2_AI3,A,Ⅰ系列扫选2作业液位阀1开度实际值,observable,6,浮选网络,heuristic,process_state,keep,keep,drop,该变量直接表征矿浆流态、药剂环境或分选状态，建议保留。,yes
FX_X1SX2_AI5,A,Ⅰ系列扫选2作业气量1实际值,observable,6,浮选网络,annotated_md,flotation_core_state,keep,keep,drop,专家知识将其列为浮选回路关键状态/加药/气量变量。,yes
FX_X1SX2_AI9,A,Ⅰ系列扫选2作业气量2实际值,observable,6,浮选网络,annotated_md,flotation_core_state,keep,keep,drop,专家知识将其列为浮选回路关键状态/加药/气量变量。,yes
FX_X1SX3_AI12,A,Ⅰ系列扫选3作业蝶阀2开度设定值显示,observable,6,浮选网络,annotated_md,direct_control,keep,keep,drop,该变量属于可下发的控制指令或设定值，必须保留。,yes
FX_X1SX3_AI4,A,Ⅰ系列扫选3作业液位阀1开度设定显示,observable,6,浮选网络,heuristic,direct_control,keep,keep,drop,该变量属于可下发的控制指令或设定值，必须保留。,yes
FX_X1SX3_AI5,A,Ⅰ系列扫选3作业气量1实际值,observable,6,浮选网络,annotated_md,flotation_core_state,keep,keep,drop,专家知识将其列为浮选回路关键状态/加药/气量变量。,yes
FX_X1SX3_AI9,A,Ⅰ系列扫选3作业气量2实际值,observable,6,浮选网络,annotated_md,flotation_core_state,keep,keep,drop,专家知识将其列为浮选回路关键状态/加药/气量变量。,yes
FX_ZJB1101_F,A,渣浆泵(粗选给矿泵)1101频率反馈,observable,6,浮选网络,heuristic,flotation_core_state,keep,keep,drop,专家知识将其列为浮选回路关键状态/加药/气量变量。,yes
FX_ZJB1101_I,A,渣浆泵(粗选给矿泵)1101电流反馈,observable,6,浮选网络,annotated_md,flotation_core_state,keep,keep,drop,专家知识将其列为浮选回路关键状态/加药/气量变量。,yes
FX_ZJB1104_I,A,渣浆泵(粗选给矿泵)1104电流反馈,observable,6,浮选网络,annotated_md,flotation_core_state,keep,keep,drop,专家知识将其列为浮选回路关键状态/加药/气量变量。,yes
FX_ZJB1201_F,A,渣浆泵(一扫给矿泵)1201频率反馈,observable,6,浮选网络,annotated_md,flotation_core_state,keep,keep,drop,专家知识将其列为浮选回路关键状态/加药/气量变量。,yes
FX_ZJB1201_I,A,渣浆泵(一扫给矿泵)1201电流反馈,observable,6,浮选网络,heuristic,flotation_core_state,keep,keep,drop,专家知识将其列为浮选回路关键状态/加药/气量变量。,yes
FX_ZJB1202_I,A,渣浆泵(一扫给矿泵)1202电流反馈,observable,6,浮选网络,heuristic,flotation_core_state,keep,keep,drop,专家知识将其列为浮选回路关键状态/加药/气量变量。,yes
FX_ZJB1303_F,A,渣浆泵(二扫给矿泵)1303频率反馈,observable,6,浮选网络,heuristic,flotation_core_state,keep,keep,drop,专家知识将其列为浮选回路关键状态/加药/气量变量。,yes
FX_ZJB1303_I,A,渣浆泵(二扫给矿泵)1303电流反馈,observable,6,浮选网络,annotated_md,flotation_core_state,keep,keep,drop,专家知识将其列为浮选回路关键状态/加药/气量变量。,yes
FX_ZJB1304_F,A,渣浆泵(二扫给矿泵)1304频率反馈,observable,6,浮选网络,annotated_md,flotation_core_state,keep,keep,drop,专家知识将其列为浮选回路关键状态/加药/气量变量。,yes
FX_ZJB1304_I,A,渣浆泵(二扫给矿泵)1304电流反馈,observable,6,浮选网络,annotated_md,flotation_core_state,keep,keep,drop,专家知识将其列为浮选回路关键状态/加药/气量变量。,yes
FX_DT_2602,B,粗选给矿泵1104出口管道浓度,observable,6,浮选网络,annotated_md,flotation_core_state,keep,drop,keep,专家知识将其列为浮选回路关键状态/加药/气量变量。,yes
FX_FT_2601,B,二系列粗选给矿泵1101出口管道流量,operable,6,浮选网络,annotated_md,flotation_core_state,keep,drop,keep,专家知识将其列为浮选回路关键状态/加药/气量变量。,yes
FX_FT_2602,B,二系列粗选给矿泵1102出口管道流量,operable,6,浮选网络,annotated_md,flotation_core_state,keep,drop,keep,专家知识将其列为浮选回路关键状态/加药/气量变量。,yes
FX_LGB2502_F,B,螺杆泵(输送二次K6-1粗选)2502频率反馈,observable,6,浮选网络,annotated_md,flotation_core_state,keep,drop,keep,专家知识将其列为浮选回路关键状态/加药/气量变量。,yes
FX_LGB2602_F,B,螺杆泵(输送二次K6-1一扫)2602频率反馈,observable,6,浮选网络,annotated_md,flotation_core_state,keep,drop,keep,专家知识将其列为浮选回路关键状态/加药/气量变量。,yes
FX_LT_2603,B,二系列三扫底流泵池(给二扫)液位,observable,6,浮选网络,annotated_md,process_state,keep,drop,keep,该变量直接表征矿浆流态、药剂环境或分选状态，建议保留。,yes
FX_X2CX1_AI1,B,Ⅱ系列粗选1作业泡沫层厚度实际值,observable,6,浮选网络,heuristic,flotation_core_state,keep,drop,keep,专家知识将其列为浮选回路关键状态/加药/气量变量。,yes
FX_X2CX1_AI12,B,Ⅱ系列粗选1作业蝶阀2开度设定值显示,observable,6,浮选网络,annotated_md,direct_control,keep,drop,keep,该变量属于可下发的控制指令或设定值，必须保留。,yes
FX_X2CX1_AI9,B,Ⅱ系列粗选1作业气量2实际值,observable,6,浮选网络,annotated_md,flotation_core_state,keep,drop,keep,专家知识将其列为浮选回路关键状态/加药/气量变量。,yes
FX_X2CX2_AI12,B,Ⅱ系列粗选2作业蝶阀2开度设定值显示,observable,6,浮选网络,heuristic,direct_control,keep,drop,keep,该变量属于可下发的控制指令或设定值，必须保留。,yes
FX_X2CX2_AI3,B,Ⅱ系列粗选2作业液位阀1开度实际值,observable,6,浮选网络,heuristic,process_state,keep,drop,keep,该变量直接表征矿浆流态、药剂环境或分选状态，建议保留。,yes
FX_X2CX2_AI9,B,Ⅱ系列粗选2作业气量2实际值,observable,6,浮选网络,annotated_md,flotation_core_state,keep,drop,keep,专家知识将其列为浮选回路关键状态/加药/气量变量。,yes
FX_X2CX3_AI5,B,Ⅱ系列粗选3作业气量1实际值,observable,6,浮选网络,annotated_md,flotation_core_state,keep,drop,keep,专家知识将其列为浮选回路关键状态/加药/气量变量。,yes
FX_X2CX3_AI9,B,Ⅱ系列粗选3作业气量2实际值,observable,6,浮选网络,annotated_md,flotation_core_state,keep,drop,keep,专家知识将其列为浮选回路关键状态/加药/气量变量。,yes
FX_X2JX_AI1,B,Ⅱ系列精选作业泡沫层厚度实际值,observable,6,浮选网络,annotated_md,flotation_core_state,keep,drop,keep,专家知识将其列为浮选回路关键状态/加药/气量变量。,yes
FX_X2JX_AI11,B,Ⅱ系列精选作业气量2设定值显示,observable,6,浮选网络,annotated_md,flotation_core_state,keep,drop,keep,专家知识将其列为浮选回路关键状态/加药/气量变量。,yes
FX_X2JX_AI13,B,Ⅱ系列精选作业气量3实际值,observable,6,浮选网络,heuristic,flotation_core_state,keep,drop,keep,专家知识将其列为浮选回路关键状态/加药/气量变量。,yes
FX_X2JX_AI3,B,Ⅱ系列精选作业液位阀1开度实际值,observable,6,浮选网络,heuristic,process_state,keep,drop,keep,该变量直接表征矿浆流态、药剂环境或分选状态，建议保留。,yes
FX_X2JX_AI9,B,Ⅱ系列精选作业气量2实际值,observable,6,浮选网络,annotated_md,flotation_core_state,keep,drop,keep,专家知识将其列为浮选回路关键状态/加药/气量变量。,yes
FX_X2SX1_AI1,B,Ⅱ系列扫选1作业泡沫层厚度实际值,observable,6,浮选网络,heuristic,flotation_core_state,keep,drop,keep,专家知识将其列为浮选回路关键状态/加药/气量变量。,yes
FX_X2SX1_AI3,B,Ⅱ系列扫选1作业液位阀1开度实际值,observable,6,浮选网络,heuristic,process_state,keep,drop,keep,该变量直接表征矿浆流态、药剂环境或分选状态，建议保留。,yes
FX_X2SX2_AI4,B,Ⅱ系列扫选2作业液位阀1开度设定显示,observable,6,浮选网络,heuristic,direct_control,keep,drop,keep,该变量属于可下发的控制指令或设定值，必须保留。,yes
FX_LT_1604,A,一系列尾矿泵池(给尾矿浓缩机)液位,observable,7,尾矿收尾,annotated_md,process_state,keep,keep,drop,该变量直接表征矿浆流态、药剂环境或分选状态，建议保留。,yes
FX_LT_1606,A,一系列事故池液位,observable,7,尾矿收尾,annotated_md,process_state,keep,keep,drop,该变量直接表征矿浆流态、药剂环境或分选状态，建议保留。,yes
FX_LT_2604,B,二系列尾矿泵池(给尾矿浓缩机)液位,observable,7,尾矿收尾,annotated_md,process_state,keep,drop,keep,该变量直接表征矿浆流态、药剂环境或分选状态，建议保留。,yes
MC2_LET_1101_AI,C,1#事故池液位,observable,7,尾矿收尾,heuristic,process_state,keep,keep,keep,该变量直接表征矿浆流态、药剂环境或分选状态，建议保留。,yes
MC2_LET_1103_AI,C,3#事故池液位,observable,7,尾矿收尾,heuristic,process_state,keep,keep,keep,该变量直接表征矿浆流态、药剂环境或分选状态，建议保留。,yes
FX_LT_1605,A,一系列精矿泵(给精矿浓缩机)液位,observable,8,精矿脱水,annotated_md,process_state,keep,keep,drop,该变量直接表征矿浆流态、药剂环境或分选状态，建议保留。,yes
FX_LT_2605,B,二系列精矿泵(给精矿浓缩机)液位,observable,8,精矿脱水,annotated_md,process_state,keep,drop,keep,该变量直接表征矿浆流态、药剂环境或分选状态，建议保留。,yes
MC2_FET202_DL_AI,B,2#新建机械加速澄清池底流泵出口管道流量,observable,8,精矿脱水,annotated_md,process_state,keep,drop,keep,该变量直接表征矿浆流态、药剂环境或分选状态，建议保留。,yes
MC2_FET201_DL_AI,A,1#新建机械加速澄清池底流泵出口管道流量,observable,,未识别,unknown,process_state,keep,keep,drop,该变量直接表征矿浆流态、药剂环境或分选状态，建议保留。,yes
FX_LT_2602,B,二系列粗选泡沫及二扫底流泵池(给一扫)液位,observable,,未识别,unknown,process_state,keep,drop,keep,该变量直接表征矿浆流态、药剂环境或分选状态，建议保留。,yes
FX_LT_1701,C,浮选溢流泵池液位,observable,,未识别,unknown,process_state,keep,keep,keep,该变量直接表征矿浆流态、药剂环境或分选状态，建议保留。,yes
FX_GFJ901_I,C,,observable,0,公共动力/上游边界,heuristic,unidentified_signal,drop,drop,drop,缺少中文描述且无法从命名稳定识别工艺语义，保守删除。,yes
FX_GFJ902_F,C,,observable,0,公共动力/上游边界,heuristic,unidentified_signal,drop,drop,drop,缺少中文描述且无法从命名稳定识别工艺语义，保守删除。,yes
FX_GFJ903_I,C,离心鼓风机903电流反馈,observable,0,公共动力/上游边界,annotated_md,weak_aux_signal,drop,drop,drop,辅助信号与核心工艺链路关系较弱，建议删除。,yes
FX_GFJ904_I,C,,observable,0,公共动力/上游边界,heuristic,unidentified_signal,drop,drop,drop,缺少中文描述且无法从命名稳定识别工艺语义，保守删除。,yes
FX_GFJ905_I,C,离心鼓风机905电流反馈,observable,0,公共动力/上游边界,annotated_md,weak_aux_signal,drop,drop,drop,辅助信号与核心工艺链路关系较弱，建议删除。,yes
FX_GFJ906_F,C,离心鼓风机906频率反馈,observable,0,公共动力/上游边界,annotated_md,weak_aux_signal,drop,drop,drop,辅助信号与核心工艺链路关系较弱，建议删除。,yes
MC1_AH10_AI5,C,,observable,0,公共动力/上游边界,heuristic,unidentified_signal,drop,drop,drop,缺少中文描述且无法从命名稳定识别工艺语义，保守删除。,yes
MC1_AH12_AI5,C,磨磁6#塔磨机总功率因素,observable,0,公共动力/上游边界,heuristic,power_supply_health,drop,drop,drop,配电/供电健康量与主工艺因果链距离较远，优先删除。,yes
MC1_AH12_AI7,C,磨磁6#塔磨机总瞬时无功功率,observable,0,公共动力/上游边界,heuristic,power_supply_health,drop,drop,drop,配电/供电健康量与主工艺因果链距离较远，优先删除。,yes
MC1_AH6_AI6,C,磨磁3#配电室2#变压器总瞬时有功功率,observable,0,公共动力/上游边界,heuristic,power_supply_health,drop,drop,drop,配电/供电健康量与主工艺因果链距离较远，优先删除。,yes
MC1_AH8_AI5,C,磨磁2#配电室2#变压器总功率因素,observable,0,公共动力/上游边界,annotated_md,power_supply_health,drop,drop,drop,配电/供电健康量与主工艺因果链距离较远，优先删除。,yes
MC1_AH9_AI4,C,磨磁3#配电室1#变压器电网频率,operable,0,公共动力/上游边界,heuristic,power_supply_health,drop,drop,drop,配电/供电健康量与主工艺因果链距离较远，优先删除。,yes
MC2_RC101_DL_AI,C,,observable,0,公共动力/上游边界,heuristic,unidentified_signal,drop,drop,drop,缺少中文描述且无法从命名稳定识别工艺语义，保守删除。,yes
MC2_RC101_DY_AI,C,,observable,0,公共动力/上游边界,heuristic,unidentified_signal,drop,drop,drop,缺少中文描述且无法从命名稳定识别工艺语义，保守删除。,yes
MC2_RC102_DL_AI,C,,observable,0,公共动力/上游边界,heuristic,unidentified_signal,drop,drop,drop,缺少中文描述且无法从命名稳定识别工艺语义，保守删除。,yes
MC2_RC102_DY_AI,C,,observable,0,公共动力/上游边界,heuristic,unidentified_signal,drop,drop,drop,缺少中文描述且无法从命名稳定识别工艺语义，保守删除。,yes
MC2_RC106_DY_AI,C,,observable,0,公共动力/上游边界,heuristic,unidentified_signal,drop,drop,drop,缺少中文描述且无法从命名稳定识别工艺语义，保守删除。,yes
FX_JBC1901_I,A,搅拌槽(二次CaO)1901电流,observable,1,药剂合成,annotated_md,weak_aux_signal,drop,drop,drop,辅助信号与核心工艺链路关系较弱，建议删除。,yes
FX_HV_631_AI,C,热水桶加蒸汽电动调节蝶阀HV-631阀位反馈信号,observable,1,药剂合成,annotated_md,actuator_feedback_duplicate,drop,drop,drop,阀位反馈多为执行器回显，可由设定/流量/液位间接表征，优先降维。,yes
FX_JBC1902_I,C,,observable,1,药剂合成,heuristic,unidentified_signal,drop,drop,drop,缺少中文描述且无法从命名稳定识别工艺语义，保守删除。,yes
FX_JBC1903_I,C,,observable,1,药剂合成,heuristic,unidentified_signal,drop,drop,drop,缺少中文描述且无法从命名稳定识别工艺语义，保守删除。,yes
FX_JBC303_I,C,3#高效搅拌槽303电流,observable,1,药剂合成,annotated_md,weak_aux_signal,drop,drop,drop,辅助信号与核心工艺链路关系较弱，建议删除。,yes
FX_LT_621B,C,,observable,1,药剂合成,heuristic,unidentified_signal,drop,drop,drop,缺少中文描述且无法从命名稳定识别工艺语义，保守删除。,yes
FX_LT_621C,C,,observable,1,药剂合成,heuristic,unidentified_signal,drop,drop,drop,缺少中文描述且无法从命名稳定识别工艺语义，保守删除。,yes
FX_LT_621D,C,,observable,1,药剂合成,heuristic,unidentified_signal,drop,drop,drop,缺少中文描述且无法从命名稳定识别工艺语义，保守删除。,yes
FX_LT_641A,C,,observable,1,药剂合成,heuristic,unidentified_signal,drop,drop,drop,缺少中文描述且无法从命名稳定识别工艺语义，保守删除。,yes
MC2_JYB2_DL_AI,C,A相电流,observable,2,磁选分离,annotated_md,power_supply_health,drop,drop,drop,配电/供电健康量与主工艺因果链距离较远，优先删除。,yes
MC2_QC501_LCDL_AI,C,,observable,2,磁选分离,heuristic,unidentified_signal,drop,drop,drop,缺少中文描述且无法从命名稳定识别工艺语义，保守删除。,yes
MC2_QC501_LCDY_AI,C,,observable,2,磁选分离,heuristic,unidentified_signal,drop,drop,drop,缺少中文描述且无法从命名稳定识别工艺语义，保守删除。,yes
MC2_QC501_MDPL_AI,C,,observable,2,磁选分离,heuristic,unidentified_signal,drop,drop,drop,缺少中文描述且无法从命名稳定识别工艺语义，保守删除。,yes
MC2_QC501_PWF_AI,C,排污阀门开度实际值,observable,2,磁选分离,heuristic,actuator_feedback_duplicate,drop,drop,drop,阀位反馈多为执行器回显，可由设定/流量/液位间接表征，优先降维。,yes
MC2_QC501_WKF1_AI,C,,observable,2,磁选分离,annotated_md,unidentified_signal,drop,drop,drop,缺少中文描述且无法从命名稳定识别工艺语义，保守删除。,yes
MC2_QC501_XKYW_AI,C,,observable,2,磁选分离,heuristic,unidentified_signal,drop,drop,drop,缺少中文描述且无法从命名稳定识别工艺语义，保守删除。,yes
MC2_QC501_XQWD_AI,C,,observable,2,磁选分离,heuristic,unidentified_signal,drop,drop,drop,缺少中文描述且无法从命名稳定识别工艺语义，保守删除。,yes
MC2_QC501_ZHPL_AI,C,转环电机实际工作频率显示值,observable,2,磁选分离,annotated_md,weak_aux_signal,drop,drop,drop,辅助信号与核心工艺链路关系较弱，建议删除。,yes
MC2_QC502_CKSRKYL_AI,C,,observable,2,磁选分离,heuristic,unidentified_signal,drop,drop,drop,缺少中文描述且无法从命名稳定识别工艺语义，保守删除。,yes
MC2_QC502_MDPL_AI,C,,observable,2,磁选分离,annotated_md,unidentified_signal,drop,drop,drop,缺少中文描述且无法从命名稳定识别工艺语义，保守删除。,yes
MC2_QC502_PWF_AI,C,排污阀门开度实际值,observable,2,磁选分离,annotated_md,actuator_feedback_duplicate,drop,drop,drop,阀位反馈多为执行器回显，可由设定/流量/液位间接表征，优先降维。,yes
MC2_QC502_WKF2_AI,C,,observable,2,磁选分离,heuristic,unidentified_signal,drop,drop,drop,缺少中文描述且无法从命名稳定识别工艺语义，保守删除。,yes
MC2_QC502_ZHPL_AI,C,,observable,2,磁选分离,heuristic,unidentified_signal,drop,drop,drop,缺少中文描述且无法从命名稳定识别工艺语义，保守删除。,yes
MC2_QC503_LCDL_AI,C,,observable,2,磁选分离,heuristic,unidentified_signal,drop,drop,drop,缺少中文描述且无法从命名稳定识别工艺语义，保守删除。,yes
MC2_QC503_MDPL_AI,C,,observable,2,磁选分离,heuristic,unidentified_signal,drop,drop,drop,缺少中文描述且无法从命名稳定识别工艺语义，保守删除。,yes
MC2_QC503_PWF_AI,C,排污阀门开度实际值,observable,2,磁选分离,heuristic,actuator_feedback_duplicate,drop,drop,drop,阀位反馈多为执行器回显，可由设定/流量/液位间接表征，优先降维。,yes
MC2_QC503_WKF2_AI,C,,observable,2,磁选分离,heuristic,unidentified_signal,drop,drop,drop,缺少中文描述且无法从命名稳定识别工艺语义，保守删除。,yes
MC2_QC503_XQWD_AI,C,,observable,2,磁选分离,heuristic,unidentified_signal,drop,drop,drop,缺少中文描述且无法从命名稳定识别工艺语义，保守删除。,yes
MC2_QC504_MDPL_AI,C,脉动电机实际工作频率显示值,observable,2,磁选分离,heuristic,weak_aux_signal,drop,drop,drop,辅助信号与核心工艺链路关系较弱，建议删除。,yes
MC2_QC504_WKF2_AI,C,,observable,2,磁选分离,heuristic,unidentified_signal,drop,drop,drop,缺少中文描述且无法从命名稳定识别工艺语义，保守删除。,yes
MC2_QC504_XKYW_AI,C,,observable,2,磁选分离,annotated_md,unidentified_signal,drop,drop,drop,缺少中文描述且无法从命名稳定识别工艺语义，保守删除。,yes
MC2_QC504_XQWD_AI,C,,observable,2,磁选分离,heuristic,unidentified_signal,drop,drop,drop,缺少中文描述且无法从命名稳定识别工艺语义，保守删除。,yes
MC2_QC505_MDPL_AI,C,脉动电机实际工作频率显示值,observable,2,磁选分离,annotated_md,weak_aux_signal,drop,drop,drop,辅助信号与核心工艺链路关系较弱，建议删除。,yes
MC2_QC505_WKF2_AI,C,,observable,2,磁选分离,heuristic,unidentified_signal,drop,drop,drop,缺少中文描述且无法从命名稳定识别工艺语义，保守删除。,yes
MC2_QC506_MDPL_AI,C,,observable,2,磁选分离,heuristic,unidentified_signal,drop,drop,drop,缺少中文描述且无法从命名稳定识别工艺语义，保守删除。,yes
MC2_QC506_XQWD_AI,C,,observable,2,磁选分离,heuristic,unidentified_signal,drop,drop,drop,缺少中文描述且无法从命名稳定识别工艺语义，保守删除。,yes
MC2_QC507_LCDY_AI,C,,observable,2,磁选分离,annotated_md,unidentified_signal,drop,drop,drop,缺少中文描述且无法从命名稳定识别工艺语义，保守删除。,yes
MC2_QC507_MDPL_AI,C,,observable,2,磁选分离,heuristic,unidentified_signal,drop,drop,drop,缺少中文描述且无法从命名稳定识别工艺语义，保守删除。,yes
MC2_QC507_PWF_AI,C,,observable,2,磁选分离,annotated_md,unidentified_signal,drop,drop,drop,缺少中文描述且无法从命名稳定识别工艺语义，保守删除。,yes
MC2_QC507_WKF2_AI,C,,observable,2,磁选分离,heuristic,unidentified_signal,drop,drop,drop,缺少中文描述且无法从命名稳定识别工艺语义，保守删除。,yes
MC2_QC507_XQWD_AI,C,,observable,2,磁选分离,heuristic,unidentified_signal,drop,drop,drop,缺少中文描述且无法从命名稳定识别工艺语义，保守删除。,yes
MC2_QC507_ZHPL_AI,C,,observable,2,磁选分离,heuristic,unidentified_signal,drop,drop,drop,缺少中文描述且无法从命名稳定识别工艺语义，保守删除。,yes
MC2_QC508_MDPL_AI,C,脉动电机实际工作频率显示值,observable,2,磁选分离,annotated_md,weak_aux_signal,drop,drop,drop,辅助信号与核心工艺链路关系较弱，建议删除。,yes
MC2_QC508_WKF2_AI,C,,observable,2,磁选分离,heuristic,unidentified_signal,drop,drop,drop,缺少中文描述且无法从命名稳定识别工艺语义，保守删除。,yes
MC2_QC508_XQWD_AI,C,,observable,2,磁选分离,heuristic,unidentified_signal,drop,drop,drop,缺少中文描述且无法从命名稳定识别工艺语义，保守删除。,yes
MC2_QC508_ZHPL_AI,C,,observable,2,磁选分离,heuristic,unidentified_signal,drop,drop,drop,缺少中文描述且无法从命名稳定识别工艺语义，保守删除。,yes
MC2_QC509_MDPL_AI,C,脉动电机实际工作频率显示值,observable,2,磁选分离,annotated_md,weak_aux_signal,drop,drop,drop,辅助信号与核心工艺链路关系较弱，建议删除。,yes
MC2_QC509_WKF1_AI,C,,observable,2,磁选分离,annotated_md,unidentified_signal,drop,drop,drop,缺少中文描述且无法从命名稳定识别工艺语义，保守删除。,yes
MC2_QC509_ZHPL_AI,C,,observable,2,磁选分离,heuristic,unidentified_signal,drop,drop,drop,缺少中文描述且无法从命名稳定识别工艺语义，保守删除。,yes
MC2_QC510_CKSYL_AI,C,,observable,2,磁选分离,annotated_md,unidentified_signal,drop,drop,drop,缺少中文描述且无法从命名稳定识别工艺语义，保守删除。,yes
MC2_QC510_MDPL_AI,C,脉动电机实际工作频率显示值,observable,2,磁选分离,annotated_md,weak_aux_signal,drop,drop,drop,辅助信号与核心工艺链路关系较弱，建议删除。,yes
MC2_QC510_PWF_AI,C,排污阀门开度实际值,observable,2,磁选分离,annotated_md,actuator_feedback_duplicate,drop,drop,drop,阀位反馈多为执行器回显，可由设定/流量/液位间接表征，优先降维。,yes
MC2_QC510_WKF1_AI,C,,observable,2,磁选分离,heuristic,unidentified_signal,drop,drop,drop,缺少中文描述且无法从命名稳定识别工艺语义，保守删除。,yes
MC2_QC510_WKF2_AI,C,,observable,2,磁选分离,heuristic,unidentified_signal,drop,drop,drop,缺少中文描述且无法从命名稳定识别工艺语义，保守删除。,yes
MC2_QC510_ZHPL_AI,C,,observable,2,磁选分离,heuristic,unidentified_signal,drop,drop,drop,缺少中文描述且无法从命名稳定识别工艺语义，保守删除。,yes
MC2_QC601_LCDL_AI,C,,observable,2,磁选分离,heuristic,unidentified_signal,drop,drop,drop,缺少中文描述且无法从命名稳定识别工艺语义，保守删除。,yes
MC2_QC601_LCDY_AI,C,,observable,2,磁选分离,heuristic,unidentified_signal,drop,drop,drop,缺少中文描述且无法从命名稳定识别工艺语义，保守删除。,yes
MC2_QC601_MDPL_AI,C,,observable,2,磁选分离,heuristic,unidentified_signal,drop,drop,drop,缺少中文描述且无法从命名稳定识别工艺语义，保守删除。,yes
MC2_QC601_WKF1_AI,C,,observable,2,磁选分离,heuristic,unidentified_signal,drop,drop,drop,缺少中文描述且无法从命名稳定识别工艺语义，保守删除。,yes
MC2_QC601_XKYW_AI,C,,observable,2,磁选分离,heuristic,unidentified_signal,drop,drop,drop,缺少中文描述且无法从命名稳定识别工艺语义，保守删除。,yes
MC2_QC601_XQWD_AI,C,,observable,2,磁选分离,heuristic,unidentified_signal,drop,drop,drop,缺少中文描述且无法从命名稳定识别工艺语义，保守删除。,yes
MC2_QC601_ZHPL_AI,C,,observable,2,磁选分离,heuristic,unidentified_signal,drop,drop,drop,缺少中文描述且无法从命名稳定识别工艺语义，保守删除。,yes
MC2_QC602_LCDY_AI,C,,observable,2,磁选分离,heuristic,unidentified_signal,drop,drop,drop,缺少中文描述且无法从命名稳定识别工艺语义，保守删除。,yes
MC2_QC602_MDPL_AI,C,,observable,2,磁选分离,heuristic,unidentified_signal,drop,drop,drop,缺少中文描述且无法从命名稳定识别工艺语义，保守删除。,yes
MC2_QC602_WKF2_AI,C,,observable,2,磁选分离,heuristic,unidentified_signal,drop,drop,drop,缺少中文描述且无法从命名稳定识别工艺语义，保守删除。,yes
MC2_QC602_ZHPL_AI,C,,observable,2,磁选分离,heuristic,unidentified_signal,drop,drop,drop,缺少中文描述且无法从命名稳定识别工艺语义，保守删除。,yes
MC2_QC603_MDPL_AI,C,,observable,2,磁选分离,heuristic,unidentified_signal,drop,drop,drop,缺少中文描述且无法从命名稳定识别工艺语义，保守删除。,yes
MC2_QC603_WKF1_AI,C,,observable,2,磁选分离,heuristic,unidentified_signal,drop,drop,drop,缺少中文描述且无法从命名稳定识别工艺语义，保守删除。,yes
MC2_QC604_MDPL_AI,C,,observable,2,磁选分离,heuristic,unidentified_signal,drop,drop,drop,缺少中文描述且无法从命名稳定识别工艺语义，保守删除。,yes
MC2_QC604_ZHPL_AI,C,,observable,2,磁选分离,heuristic,unidentified_signal,drop,drop,drop,缺少中文描述且无法从命名稳定识别工艺语义，保守删除。,yes
MC2_QC606_MDPL_AI,C,,observable,2,磁选分离,heuristic,unidentified_signal,drop,drop,drop,缺少中文描述且无法从命名稳定识别工艺语义，保守删除。,yes
MC2_QC606_PWF_AI,C,排污阀门开度实际值,observable,2,磁选分离,heuristic,actuator_feedback_duplicate,drop,drop,drop,阀位反馈多为执行器回显，可由设定/流量/液位间接表征，优先降维。,yes
MC2_QC606_XKYW_AI,C,,observable,2,磁选分离,heuristic,unidentified_signal,drop,drop,drop,缺少中文描述且无法从命名稳定识别工艺语义，保守删除。,yes
MC2_QC606_XQWD_AI,C,,observable,2,磁选分离,heuristic,unidentified_signal,drop,drop,drop,缺少中文描述且无法从命名稳定识别工艺语义，保守删除。,yes
MC2_QC607_MDPL_AI,C,脉动电机实际工作频率显示值,observable,2,磁选分离,annotated_md,weak_aux_signal,drop,drop,drop,辅助信号与核心工艺链路关系较弱，建议删除。,yes
MC2_QC607_PWF_AI,C,排污阀门开度实际值,observable,2,磁选分离,annotated_md,actuator_feedback_duplicate,drop,drop,drop,阀位反馈多为执行器回显，可由设定/流量/液位间接表征，优先降维。,yes
MC2_QC607_WKF1_AI,C,,observable,2,磁选分离,heuristic,unidentified_signal,drop,drop,drop,缺少中文描述且无法从命名稳定识别工艺语义，保守删除。,yes
MC2_QC607_XQWD_AI,C,线圈温度值,observable,2,磁选分离,heuristic,weak_aux_signal,drop,drop,drop,辅助信号与核心工艺链路关系较弱，建议删除。,yes
MC2_QC607_ZHPL_AI,C,,observable,2,磁选分离,heuristic,unidentified_signal,drop,drop,drop,缺少中文描述且无法从命名稳定识别工艺语义，保守删除。,yes
MC2_QC608_LCDY_AI,C,,observable,2,磁选分离,annotated_md,unidentified_signal,drop,drop,drop,缺少中文描述且无法从命名稳定识别工艺语义，保守删除。,yes
MC2_QC608_MDPL_AI,C,脉动电机实际工作频率显示值,observable,2,磁选分离,annotated_md,weak_aux_signal,drop,drop,drop,辅助信号与核心工艺链路关系较弱，建议删除。,yes
MC2_QC608_PWF_AI,C,,observable,2,磁选分离,heuristic,unidentified_signal,drop,drop,drop,缺少中文描述且无法从命名稳定识别工艺语义，保守删除。,yes
MC2_QC608_WKF1_AI,C,,observable,2,磁选分离,heuristic,unidentified_signal,drop,drop,drop,缺少中文描述且无法从命名稳定识别工艺语义，保守删除。,yes
MC2_QC608_ZHPL_AI,C,,observable,2,磁选分离,annotated_md,unidentified_signal,drop,drop,drop,缺少中文描述且无法从命名稳定识别工艺语义，保守删除。,yes
MC2_QC609_MDPL_AI,C,脉动电机实际工作频率显示值,observable,2,磁选分离,annotated_md,weak_aux_signal,drop,drop,drop,辅助信号与核心工艺链路关系较弱，建议删除。,yes
MC2_QC609_PWF_AI,C,排污阀门开度实际值,observable,2,磁选分离,annotated_md,actuator_feedback_duplicate,drop,drop,drop,阀位反馈多为执行器回显，可由设定/流量/液位间接表征，优先降维。,yes
MC2_QC609_WKF1_AI,C,,observable,2,磁选分离,heuristic,unidentified_signal,drop,drop,drop,缺少中文描述且无法从命名稳定识别工艺语义，保守删除。,yes
MC2_QC609_WKF2_AI,C,,observable,2,磁选分离,heuristic,unidentified_signal,drop,drop,drop,缺少中文描述且无法从命名稳定识别工艺语义，保守删除。,yes
MC2_QC609_XKYW_AI,C,,observable,2,磁选分离,annotated_md,unidentified_signal,drop,drop,drop,缺少中文描述且无法从命名稳定识别工艺语义，保守删除。,yes
MC2_QC609_XQWD_AI,C,,observable,2,磁选分离,heuristic,unidentified_signal,drop,drop,drop,缺少中文描述且无法从命名稳定识别工艺语义，保守删除。,yes
MC2_QC609_ZHPL_AI,C,,observable,2,磁选分离,annotated_md,unidentified_signal,drop,drop,drop,缺少中文描述且无法从命名稳定识别工艺语义，保守删除。,yes
MC2_QC610_CKSYL_AI,C,,observable,2,磁选分离,heuristic,unidentified_signal,drop,drop,drop,缺少中文描述且无法从命名稳定识别工艺语义，保守删除。,yes
MC2_QC610_MDPL_AI,C,脉动电机实际工作频率显示值,observable,2,磁选分离,annotated_md,weak_aux_signal,drop,drop,drop,辅助信号与核心工艺链路关系较弱，建议删除。,yes
MC2_QC610_PWF_AI,C,,observable,2,磁选分离,annotated_md,unidentified_signal,drop,drop,drop,缺少中文描述且无法从命名稳定识别工艺语义，保守删除。,yes
MC2_QC610_WKF1_AI,C,,observable,2,磁选分离,heuristic,unidentified_signal,drop,drop,drop,缺少中文描述且无法从命名稳定识别工艺语义，保守删除。,yes
MC2_QC610_WKF2_AI,C,,observable,2,磁选分离,heuristic,unidentified_signal,drop,drop,drop,缺少中文描述且无法从命名稳定识别工艺语义，保守删除。,yes
MC2_QC610_ZHPL_AI,C,转环电机实际工作频率显示值,observable,2,磁选分离,annotated_md,weak_aux_signal,drop,drop,drop,辅助信号与核心工艺链路关系较弱，建议删除。,yes
MC1_FET101_AI,C,,observable,3,塔磨分级,heuristic,unidentified_signal,drop,drop,drop,缺少中文描述且无法从命名稳定识别工艺语义，保守删除。,yes
MC1_FET301_AI,C,,observable,3,塔磨分级,annotated_md,unidentified_signal,drop,drop,drop,缺少中文描述且无法从命名稳定识别工艺语义，保守删除。,yes
MC1_FV101_AI,C,,observable,3,塔磨分级,annotated_md,unidentified_signal,drop,drop,drop,缺少中文描述且无法从命名稳定识别工艺语义，保守删除。,yes
MC1_FV401_AI,C,,observable,3,塔磨分级,heuristic,unidentified_signal,drop,drop,drop,缺少中文描述且无法从命名稳定识别工艺语义，保守删除。,yes
MC1_FV401_AO,C,,observable,3,塔磨分级,heuristic,unidentified_signal,drop,drop,drop,缺少中文描述且无法从命名稳定识别工艺语义，保守删除。,yes
MC1_GKB702_DL,C,2#三旋给矿泵电流,operable,3,塔磨分级,heuristic,weak_aux_signal,drop,drop,drop,辅助信号与核心工艺链路关系较弱，建议删除。,yes
MC1_GKB703_DL,C,3#三旋给矿泵电流,operable,3,塔磨分级,heuristic,weak_aux_signal,drop,drop,drop,辅助信号与核心工艺链路关系较弱，建议删除。,yes
MC1_GKB704_DL,C,4#三旋给矿泵电流,operable,3,塔磨分级,heuristic,weak_aux_signal,drop,drop,drop,辅助信号与核心工艺链路关系较弱，建议删除。,yes
MC1_GKB706_DL,C,6#三旋给矿泵电流,operable,3,塔磨分级,heuristic,weak_aux_signal,drop,drop,drop,辅助信号与核心工艺链路关系较弱，建议删除。,yes
MC1_GKB707_DL,C,7#三旋给矿泵电流,operable,3,塔磨分级,heuristic,weak_aux_signal,drop,drop,drop,辅助信号与核心工艺链路关系较弱，建议删除。,yes
MC1_GKB708_DL,C,8#三旋给矿泵电流,operable,3,塔磨分级,annotated_md,weak_aux_signal,drop,drop,drop,辅助信号与核心工艺链路关系较弱，建议删除。,yes
MC1_GKB710_DL,C,10#三旋给矿泵电流,operable,3,塔磨分级,heuristic,weak_aux_signal,drop,drop,drop,辅助信号与核心工艺链路关系较弱，建议删除。,yes
MC1_GKB711_DL,C,11#三旋给矿泵电流,operable,3,塔磨分级,heuristic,weak_aux_signal,drop,drop,drop,辅助信号与核心工艺链路关系较弱，建议删除。,yes
MC1_GKB711_HZ,C,,observable,3,塔磨分级,annotated_md,unidentified_signal,drop,drop,drop,缺少中文描述且无法从命名稳定识别工艺语义，保守删除。,yes
MC1_LET301_AI,C,,observable,3,塔磨分级,heuristic,unidentified_signal,drop,drop,drop,缺少中文描述且无法从命名稳定识别工艺语义，保守删除。,yes
MC1_LET501_AI,C,,observable,3,塔磨分级,annotated_md,unidentified_signal,drop,drop,drop,缺少中文描述且无法从命名稳定识别工艺语义，保守删除。,yes
MC1_TM201_JSJ_CYK_WD_AI,C,,observable,3,塔磨分级,heuristic,unidentified_signal,drop,drop,drop,缺少中文描述且无法从命名稳定识别工艺语义，保守删除。,yes
MC1_TM201_JSJ_YC_WD_AI,C,减速机油池温度,observable,3,塔磨分级,heuristic,equipment_health,drop,drop,drop,塔磨设备健康量可作为运维信号，但对工艺降维优先级较低。,yes
MC1_TM201_ZDJ_DL_AI,C,主电机电流,observable,3,塔磨分级,heuristic,equipment_health,drop,drop,drop,塔磨设备健康量可作为运维信号，但对工艺降维优先级较低。,yes
MC1_TM202_ZDJ_DL_AI,C,,observable,3,塔磨分级,heuristic,unidentified_signal,drop,drop,drop,缺少中文描述且无法从命名稳定识别工艺语义，保守删除。,yes
MC1_TM204_HDZC_1_WD_AI,C,,observable,3,塔磨分级,heuristic,unidentified_signal,drop,drop,drop,缺少中文描述且无法从命名稳定识别工艺语义，保守删除。,yes
MC1_TM204_JSJ_CYK_WD_AI,C,,observable,3,塔磨分级,heuristic,unidentified_signal,drop,drop,drop,缺少中文描述且无法从命名稳定识别工艺语义，保守删除。,yes
MC1_TM204_JSJ_YC_WD_AI,C,减速机油池温度,observable,3,塔磨分级,heuristic,equipment_health,drop,drop,drop,塔磨设备健康量可作为运维信号，但对工艺降维优先级较低。,yes
MC1_TM204_ZDJ_DL_AI,C,主电机电流,observable,3,塔磨分级,annotated_md,equipment_health,drop,drop,drop,塔磨设备健康量可作为运维信号，但对工艺降维优先级较低。,yes
MC1_TM204_ZDJ_DZ_A_WD_AI,C,,observable,3,塔磨分级,heuristic,unidentified_signal,drop,drop,drop,缺少中文描述且无法从命名稳定识别工艺语义，保守删除。,yes
MC1_TM205_JSJ_CYK_WD_AI,C,,observable,3,塔磨分级,heuristic,unidentified_signal,drop,drop,drop,缺少中文描述且无法从命名稳定识别工艺语义，保守删除。,yes
MC1_TM205_ZDJ_DL_AI,C,主电机电流,observable,3,塔磨分级,annotated_md,equipment_health,drop,drop,drop,塔磨设备健康量可作为运维信号，但对工艺降维优先级较低。,yes
MC1_TM206_HDZC_2_WD_AI,C,,observable,3,塔磨分级,heuristic,unidentified_signal,drop,drop,drop,缺少中文描述且无法从命名稳定识别工艺语义，保守删除。,yes
MC1_TM206_JSJ_CYK_WD_AI,C,,observable,3,塔磨分级,heuristic,unidentified_signal,drop,drop,drop,缺少中文描述且无法从命名稳定识别工艺语义，保守删除。,yes
MC1_TM206_ZDJ_DL_AI,C,主电机电流,observable,3,塔磨分级,annotated_md,equipment_health,drop,drop,drop,塔磨设备健康量可作为运维信号，但对工艺降维优先级较低。,yes
MC1_TM206_ZDJ_DZ_B_WD_AI,C,,observable,3,塔磨分级,heuristic,unidentified_signal,drop,drop,drop,缺少中文描述且无法从命名稳定识别工艺语义，保守删除。,yes
MC2_LET_102_AI,C,,observable,3,塔磨分级,annotated_md,unidentified_signal,drop,drop,drop,缺少中文描述且无法从命名稳定识别工艺语义，保守删除。,yes
MC2_YLB802_DL,C,2#旋流器溢流泵电流,observable,3,塔磨分级,heuristic,weak_aux_signal,drop,drop,drop,辅助信号与核心工艺链路关系较弱，建议删除。,yes
MC2_YLB805_DL,C,,observable,3,塔磨分级,heuristic,unidentified_signal,drop,drop,drop,缺少中文描述且无法从命名稳定识别工艺语义，保守删除。,yes
MC2_YLB806_DL,C,6#旋流器溢流泵电流,observable,3,塔磨分级,heuristic,weak_aux_signal,drop,drop,drop,辅助信号与核心工艺链路关系较弱，建议删除。,yes
MC2_YLB809_DL,C,9#旋流器溢流泵电流,observable,3,塔磨分级,heuristic,weak_aux_signal,drop,drop,drop,辅助信号与核心工艺链路关系较弱，建议删除。,yes
MC2_ZJB01_DL,C,,observable,3,塔磨分级,heuristic,unidentified_signal,drop,drop,drop,缺少中文描述且无法从命名稳定识别工艺语义，保守删除。,yes
MC2_ZJB02_AO,C,底流泵站2#渣浆泵频率给定,operable,3,塔磨分级,heuristic,weak_aux_signal,drop,drop,drop,辅助信号与核心工艺链路关系较弱，建议删除。,yes
MC2_ZJB03_AO,C,,observable,3,塔磨分级,heuristic,unidentified_signal,drop,drop,drop,缺少中文描述且无法从命名稳定识别工艺语义，保守删除。,yes
MC2_ZJB04_DL,C,,observable,3,塔磨分级,heuristic,unidentified_signal,drop,drop,drop,缺少中文描述且无法从命名稳定识别工艺语义，保守删除。,yes
FX_P1_N2_I,C,,observable,4,浓缩缓冲,heuristic,unidentified_signal,drop,drop,drop,缺少中文描述且无法从命名稳定识别工艺语义，保守删除。,yes
FX_P2_N1_I,C,6#Φ30m浮选前浓缩机N1电流,observable,4,浓缩缓冲,annotated_md,weak_aux_signal,drop,drop,drop,辅助信号与核心工艺链路关系较弱，建议删除。,yes
FX_P3_N2_I,C,,observable,4,浓缩缓冲,annotated_md,unidentified_signal,drop,drop,drop,缺少中文描述且无法从命名稳定识别工艺语义，保守删除。,yes
FX_PT_901_CK,C,,observable,4,浓缩缓冲,heuristic,unidentified_signal,drop,drop,drop,缺少中文描述且无法从命名稳定识别工艺语义，保守删除。,yes
FX_PT_902_CK,C,,observable,4,浓缩缓冲,heuristic,unidentified_signal,drop,drop,drop,缺少中文描述且无法从命名稳定识别工艺语义，保守删除。,yes
MC2_CQC_GNJNJ_AI,C,,observable,4,浓缩缓冲,heuristic,unidentified_signal,drop,drop,drop,缺少中文描述且无法从命名稳定识别工艺语义，保守删除。,yes
FX_JBC103_I,A,1#高效搅拌槽103电流,observable,5,调浆激发,annotated_md,support_equipment_load,drop,drop,drop,设备电流/频率更多反映机组负荷，降维时优先让位于流量、液位、泡沫和药剂量。,yes
FX_TV_1104_AI,A,一系列2#-2高效搅拌槽加蒸汽电动调节蝶阀TV-1104阀位反馈信号,observable,5,调浆激发,heuristic,actuator_feedback_duplicate,drop,drop,drop,阀位反馈多为执行器回显，可由设定/流量/液位间接表征，优先降维。,yes
FX_JBC203_I,B,2#高效搅拌槽203电流,observable,5,调浆激发,annotated_md,support_equipment_load,drop,drop,drop,设备电流/频率更多反映机组负荷，降维时优先让位于流量、液位、泡沫和药剂量。,yes
FX_TT_2105,B,二系列3#-3高效搅拌槽温度,observable,5,调浆激发,annotated_md,weak_aux_signal,drop,drop,drop,辅助信号与核心工艺链路关系较弱，建议删除。,yes
FX_TV_2102_AI,B,二系列2#-1高效搅拌槽加蒸汽电动调节蝶阀TV-2102阀位反馈信号,observable,5,调浆激发,heuristic,actuator_feedback_duplicate,drop,drop,drop,阀位反馈多为执行器回显，可由设定/流量/液位间接表征，优先降维。,yes
FX_AT_1102,C,,observable,5,调浆激发,heuristic,unidentified_signal,drop,drop,drop,缺少中文描述且无法从命名稳定识别工艺语义，保守删除。,yes
FX_FT_1701,C,,observable,5,调浆激发,heuristic,unidentified_signal,drop,drop,drop,缺少中文描述且无法从命名稳定识别工艺语义，保守删除。,yes
FX_HGB2202_I,C,,observable,5,调浆激发,heuristic,unidentified_signal,drop,drop,drop,缺少中文描述且无法从命名稳定识别工艺语义，保守删除。,yes
FX_HV_632_AI,C,,observable,5,调浆激发,annotated_md,unidentified_signal,drop,drop,drop,缺少中文描述且无法从命名稳定识别工艺语义，保守删除。,yes
FX_JBC102_I,C,,observable,5,调浆激发,annotated_md,unidentified_signal,drop,drop,drop,缺少中文描述且无法从命名稳定识别工艺语义，保守删除。,yes
FX_LGB2302_F,C,,observable,5,调浆激发,heuristic,unidentified_signal,drop,drop,drop,缺少中文描述且无法从命名稳定识别工艺语义，保守删除。,yes
FX_LGB2403_F_W,C,,observable,5,调浆激发,heuristic,unidentified_signal,drop,drop,drop,缺少中文描述且无法从命名稳定识别工艺语义，保守删除。,yes
FX_LGB2602_I,C,,observable,5,调浆激发,heuristic,unidentified_signal,drop,drop,drop,缺少中文描述且无法从命名稳定识别工艺语义，保守删除。,yes
FX_LGB2702_F,C,,observable,5,调浆激发,heuristic,unidentified_signal,drop,drop,drop,缺少中文描述且无法从命名稳定识别工艺语义，保守删除。,yes
FX_LGB2801_F,C,,observable,5,调浆激发,heuristic,unidentified_signal,drop,drop,drop,缺少中文描述且无法从命名稳定识别工艺语义，保守删除。,yes
FX_LGB2801_I,C,,observable,5,调浆激发,heuristic,unidentified_signal,drop,drop,drop,缺少中文描述且无法从命名稳定识别工艺语义，保守删除。,yes
FX_TV_1101_AI,C,,observable,5,调浆激发,heuristic,unidentified_signal,drop,drop,drop,缺少中文描述且无法从命名稳定识别工艺语义，保守删除。,yes
FX_TV_2103_AI,C,,observable,5,调浆激发,heuristic,unidentified_signal,drop,drop,drop,缺少中文描述且无法从命名稳定识别工艺语义，保守删除。,yes
FX_TV_2104_AI,C,,observable,5,调浆激发,heuristic,unidentified_signal,drop,drop,drop,缺少中文描述且无法从命名稳定识别工艺语义，保守删除。,yes
FX_AH5_AI6,A,浮选1#低压室1#变压器总瞬时有功功率,observable,6,浮选网络,annotated_md,power_supply_health,drop,drop,drop,配电/供电健康量与主工艺因果链距离较远，优先删除。,yes
FX_AH6_AI6,A,浮选1#低压室2#变压器总瞬时有功功率,observable,6,浮选网络,heuristic,power_supply_health,drop,drop,drop,配电/供电健康量与主工艺因果链距离较远，优先删除。,yes
FX_FXJ803_I,A,浮选机(扫选三)803电流,observable,6,浮选网络,heuristic,support_equipment_load,drop,drop,drop,设备电流/频率更多反映机组负荷，降维时优先让位于流量、液位、泡沫和药剂量。,yes
FX_X1SX1_AI7,A,Ⅰ系列扫选1作业蝶阀1开度实际值,observable,6,浮选网络,heuristic,actuator_feedback_duplicate,drop,drop,drop,阀位反馈多为执行器回显，可由设定/流量/液位间接表征，优先降维。,yes
FX_X1SX3_AI7,A,Ⅰ系列扫选3作业蝶阀1开度实际值,observable,6,浮选网络,annotated_md,actuator_feedback_duplicate,drop,drop,drop,阀位反馈多为执行器回显，可由设定/流量/液位间接表征，优先降维。,yes
FX_FT_2602_BJ,B,二系列粗选给矿泵1102出口管道流量报警,operable,6,浮选网络,annotated_md,alarm_or_status,drop,drop,drop,报警/状态信号不直接表征工艺机理，优先删除。,yes
FX_X2CX1_AI7,B,Ⅱ系列粗选1作业蝶阀1开度实际值,observable,6,浮选网络,heuristic,actuator_feedback_duplicate,drop,drop,drop,阀位反馈多为执行器回显，可由设定/流量/液位间接表征，优先降维。,yes
FX_X2CX2_AI27,B,Ⅱ系列粗选2作业电动阀开度,observable,6,浮选网络,heuristic,actuator_feedback_duplicate,drop,drop,drop,阀位反馈多为执行器回显，可由设定/流量/液位间接表征，优先降维。,yes
FX_X2CX3_AI11,B,Ⅱ系列粗选3作业蝶阀2开度实际值,observable,6,浮选网络,annotated_md,actuator_feedback_duplicate,drop,drop,drop,阀位反馈多为执行器回显，可由设定/流量/液位间接表征，优先降维。,yes
FX_X2CX3_AI13,B,Ⅱ系列粗选3作业1#减速机低速端上轴温,observable,6,浮选网络,heuristic,weak_aux_signal,drop,drop,drop,辅助信号与核心工艺链路关系较弱，建议删除。,yes
FX_X2CX3_AI7,B,Ⅱ系列粗选3作业蝶阀1开度实际值,observable,6,浮选网络,heuristic,actuator_feedback_duplicate,drop,drop,drop,阀位反馈多为执行器回显，可由设定/流量/液位间接表征，优先降维。,yes
FX_X2JX_AI17,B,Ⅱ系列精选作业1#减速机低速端上轴温,observable,6,浮选网络,heuristic,weak_aux_signal,drop,drop,drop,辅助信号与核心工艺链路关系较弱，建议删除。,yes
FX_X2SX1_AI38,B,Ⅱ系列扫选1作业电动阀开度,observable,6,浮选网络,heuristic,actuator_feedback_duplicate,drop,drop,drop,阀位反馈多为执行器回显，可由设定/流量/液位间接表征，优先降维。,yes
FX_X2SX1_AI7,B,Ⅱ系列扫选1作业蝶阀1开度实际值,observable,6,浮选网络,heuristic,actuator_feedback_duplicate,drop,drop,drop,阀位反馈多为执行器回显，可由设定/流量/液位间接表征，优先降维。,yes
FX_AH10_AI6,C,浮选3#低压室2#变压器总瞬时有功功率,observable,6,浮选网络,heuristic,power_supply_health,drop,drop,drop,配电/供电健康量与主工艺因果链距离较远，优先删除。,yes
FX_AH12_AI6,C,浮选4#鼓风机变频总瞬时有功功率,observable,6,浮选网络,heuristic,power_supply_health,drop,drop,drop,配电/供电健康量与主工艺因果链距离较远，优先删除。,yes
FX_AH14_AI7,C,,observable,6,浮选网络,heuristic,unidentified_signal,drop,drop,drop,缺少中文描述且无法从命名稳定识别工艺语义，保守删除。,yes
FX_AH16_AI5,C,浮选6#鼓风机变频总功率因素,observable,6,浮选网络,annotated_md,power_supply_health,drop,drop,drop,配电/供电健康量与主工艺因果链距离较远，优先删除。,yes
FX_AH16_AI6,C,浮选6#鼓风机变频总瞬时有功功率,observable,6,浮选网络,heuristic,power_supply_health,drop,drop,drop,配电/供电健康量与主工艺因果链距离较远，优先删除。,yes
FX_AH7_AI6,C,,observable,6,浮选网络,heuristic,unidentified_signal,drop,drop,drop,缺少中文描述且无法从命名稳定识别工艺语义，保守删除。,yes
FX_AH9_AI6,C,浮选3#低压室1#变压器总瞬时有功功率,observable,6,浮选网络,heuristic,power_supply_health,drop,drop,drop,配电/供电健康量与主工艺因果链距离较远，优先删除。,yes
FX_FXJ401_I,C,,observable,6,浮选网络,annotated_md,unidentified_signal,drop,drop,drop,缺少中文描述且无法从命名稳定识别工艺语义，保守删除。,yes
FX_FXJ401_U,C,,observable,6,浮选网络,heuristic,unidentified_signal,drop,drop,drop,缺少中文描述且无法从命名稳定识别工艺语义，保守删除。,yes
FX_FXJ402_I,C,,observable,6,浮选网络,annotated_md,unidentified_signal,drop,drop,drop,缺少中文描述且无法从命名稳定识别工艺语义，保守删除。,yes
FX_FXJ407_I,C,,observable,6,浮选网络,heuristic,unidentified_signal,drop,drop,drop,缺少中文描述且无法从命名稳定识别工艺语义，保守删除。,yes
FX_FXJ410_I,C,,observable,6,浮选网络,heuristic,unidentified_signal,drop,drop,drop,缺少中文描述且无法从命名稳定识别工艺语义，保守删除。,yes
FX_FXJ504_I,C,,observable,6,浮选网络,heuristic,unidentified_signal,drop,drop,drop,缺少中文描述且无法从命名稳定识别工艺语义，保守删除。,yes
FX_FXJ601_I,C,浮选机(扫选一)601电流,observable,6,浮选网络,annotated_md,support_equipment_load,drop,drop,drop,设备电流/频率更多反映机组负荷，降维时优先让位于流量、液位、泡沫和药剂量。,yes
FX_FXJ602_I,C,,observable,6,浮选网络,heuristic,unidentified_signal,drop,drop,drop,缺少中文描述且无法从命名稳定识别工艺语义，保守删除。,yes
FX_FXJ603_I,C,浮选机(扫选一)603电流,observable,6,浮选网络,annotated_md,support_equipment_load,drop,drop,drop,设备电流/频率更多反映机组负荷，降维时优先让位于流量、液位、泡沫和药剂量。,yes
FX_FXJ604_I,C,浮选机(扫选一)604电流,observable,6,浮选网络,annotated_md,support_equipment_load,drop,drop,drop,设备电流/频率更多反映机组负荷，降维时优先让位于流量、液位、泡沫和药剂量。,yes
FX_FXJ605_I,C,浮选机(扫选一)605电流,observable,6,浮选网络,annotated_md,support_equipment_load,drop,drop,drop,设备电流/频率更多反映机组负荷，降维时优先让位于流量、液位、泡沫和药剂量。,yes
FX_FXJ701_I,C,,observable,6,浮选网络,annotated_md,unidentified_signal,drop,drop,drop,缺少中文描述且无法从命名稳定识别工艺语义，保守删除。,yes
FX_FXJ801_I,C,浮选机(扫选三)801电流,observable,6,浮选网络,annotated_md,support_equipment_load,drop,drop,drop,设备电流/频率更多反映机组负荷，降维时优先让位于流量、液位、泡沫和药剂量。,yes
FX_FXJ802_I,C,,observable,6,浮选网络,heuristic,unidentified_signal,drop,drop,drop,缺少中文描述且无法从命名稳定识别工艺语义，保守删除。,yes
FX_LGB2303_F_W,C,,observable,6,浮选网络,annotated_md,unidentified_signal,drop,drop,drop,缺少中文描述且无法从命名稳定识别工艺语义，保守删除。,yes
FX_X1CX1_AI1,C,,observable,6,浮选网络,annotated_md,unidentified_signal,drop,drop,drop,缺少中文描述且无法从命名稳定识别工艺语义，保守删除。,yes
FX_X1CX1_AI5,C,,observable,6,浮选网络,heuristic,unidentified_signal,drop,drop,drop,缺少中文描述且无法从命名稳定识别工艺语义，保守删除。,yes
FX_X1CX2_AI12,C,,observable,6,浮选网络,annotated_md,unidentified_signal,drop,drop,drop,缺少中文描述且无法从命名稳定识别工艺语义，保守删除。,yes
FX_X1CX2_AI3,C,,observable,6,浮选网络,heuristic,unidentified_signal,drop,drop,drop,缺少中文描述且无法从命名稳定识别工艺语义，保守删除。,yes
FX_X1CX2_AI7,C,,observable,6,浮选网络,heuristic,unidentified_signal,drop,drop,drop,缺少中文描述且无法从命名稳定识别工艺语义，保守删除。,yes
FX_X1JX_AI11,C,,observable,6,浮选网络,heuristic,unidentified_signal,drop,drop,drop,缺少中文描述且无法从命名稳定识别工艺语义，保守删除。,yes
FX_X1JX_AI13,C,,observable,6,浮选网络,heuristic,unidentified_signal,drop,drop,drop,缺少中文描述且无法从命名稳定识别工艺语义，保守删除。,yes
FX_X1JX_AI5,C,,observable,6,浮选网络,annotated_md,unidentified_signal,drop,drop,drop,缺少中文描述且无法从命名稳定识别工艺语义，保守删除。,yes
FX_X1SX1_AI15,C,,observable,6,浮选网络,heuristic,unidentified_signal,drop,drop,drop,缺少中文描述且无法从命名稳定识别工艺语义，保守删除。,yes
FX_X1SX1_AI16,C,,observable,6,浮选网络,heuristic,unidentified_signal,drop,drop,drop,缺少中文描述且无法从命名稳定识别工艺语义，保守删除。,yes
FX_X1SX1_AI3,C,,observable,6,浮选网络,heuristic,unidentified_signal,drop,drop,drop,缺少中文描述且无法从命名稳定识别工艺语义，保守删除。,yes
FX_X1SX2_AI12,C,,observable,6,浮选网络,heuristic,unidentified_signal,drop,drop,drop,缺少中文描述且无法从命名稳定识别工艺语义，保守删除。,yes
FX_X1SX2_AI7,C,,observable,6,浮选网络,heuristic,unidentified_signal,drop,drop,drop,缺少中文描述且无法从命名稳定识别工艺语义，保守删除。,yes
FX_X1SX3_AI1,C,,observable,6,浮选网络,heuristic,unidentified_signal,drop,drop,drop,缺少中文描述且无法从命名稳定识别工艺语义，保守删除。,yes
FX_X2CX1_AI5,C,,observable,6,浮选网络,heuristic,unidentified_signal,drop,drop,drop,缺少中文描述且无法从命名稳定识别工艺语义，保守删除。,yes
FX_X2CX2_AI4,C,,observable,6,浮选网络,heuristic,unidentified_signal,drop,drop,drop,缺少中文描述且无法从命名稳定识别工艺语义，保守删除。,yes
FX_X2CX2_AI5,C,,observable,6,浮选网络,annotated_md,unidentified_signal,drop,drop,drop,缺少中文描述且无法从命名稳定识别工艺语义，保守删除。,yes
FX_X2CX2_AI7,C,,observable,6,浮选网络,heuristic,unidentified_signal,drop,drop,drop,缺少中文描述且无法从命名稳定识别工艺语义，保守删除。,yes
FX_X2CX3_AI27,C,,observable,6,浮选网络,heuristic,unidentified_signal,drop,drop,drop,缺少中文描述且无法从命名稳定识别工艺语义，保守删除。,yes
FX_X2CX3_AI3,C,,observable,6,浮选网络,heuristic,unidentified_signal,drop,drop,drop,缺少中文描述且无法从命名稳定识别工艺语义，保守删除。,yes
FX_X2JX_AI5,C,,observable,6,浮选网络,heuristic,unidentified_signal,drop,drop,drop,缺少中文描述且无法从命名稳定识别工艺语义，保守删除。,yes
FX_X2SX1_AI13,C,,observable,6,浮选网络,heuristic,unidentified_signal,drop,drop,drop,缺少中文描述且无法从命名稳定识别工艺语义，保守删除。,yes
FX_X2SX1_AI4,C,,observable,6,浮选网络,heuristic,unidentified_signal,drop,drop,drop,缺少中文描述且无法从命名稳定识别工艺语义，保守删除。,yes
FX_X2SX1_AI5,C,,observable,6,浮选网络,annotated_md,unidentified_signal,drop,drop,drop,缺少中文描述且无法从命名稳定识别工艺语义，保守删除。,yes
FX_X2SX2_AI3,C,,observable,6,浮选网络,heuristic,unidentified_signal,drop,drop,drop,缺少中文描述且无法从命名稳定识别工艺语义，保守删除。,yes
FX_X2SX3_AI3,C,,observable,6,浮选网络,annotated_md,unidentified_signal,drop,drop,drop,缺少中文描述且无法从命名稳定识别工艺语义，保守删除。,yes
FX_X2SX3_AI4,C,,observable,6,浮选网络,heuristic,unidentified_signal,drop,drop,drop,缺少中文描述且无法从命名稳定识别工艺语义，保守删除。,yes
FX_X2SX3_AI5,C,,observable,6,浮选网络,heuristic,unidentified_signal,drop,drop,drop,缺少中文描述且无法从命名稳定识别工艺语义，保守删除。,yes
FX_ZJB1104_F,C,,observable,6,浮选网络,annotated_md,unidentified_signal,drop,drop,drop,缺少中文描述且无法从命名稳定识别工艺语义，保守删除。,yes
FX_ZJB1203_I,C,,observable,6,浮选网络,heuristic,unidentified_signal,drop,drop,drop,缺少中文描述且无法从命名稳定识别工艺语义，保守删除。,yes
FX_ZJB1204_F,C,,observable,6,浮选网络,heuristic,unidentified_signal,drop,drop,drop,缺少中文描述且无法从命名稳定识别工艺语义，保守删除。,yes
FX_ZJB1204_I,C,,observable,6,浮选网络,heuristic,unidentified_signal,drop,drop,drop,缺少中文描述且无法从命名稳定识别工艺语义，保守删除。,yes
FX_ZJB1301_I,C,,observable,6,浮选网络,heuristic,unidentified_signal,drop,drop,drop,缺少中文描述且无法从命名稳定识别工艺语义，保守删除。,yes
FX_ZJB1302_I,C,,observable,6,浮选网络,heuristic,unidentified_signal,drop,drop,drop,缺少中文描述且无法从命名稳定识别工艺语义，保守删除。,yes
FX_ZJB13_F,C,,observable,6,浮选网络,heuristic,unidentified_signal,drop,drop,drop,缺少中文描述且无法从命名稳定识别工艺语义，保守删除。,yes
FX_ZJB1401_F,C,渣浆泵(精矿泵)1401频率反馈,observable,6,浮选网络,heuristic,support_equipment_load,drop,drop,drop,设备电流/频率更多反映机组负荷，降维时优先让位于流量、液位、泡沫和药剂量。,yes
FX_ZJB1404_F,C,,observable,6,浮选网络,heuristic,unidentified_signal,drop,drop,drop,缺少中文描述且无法从命名稳定识别工艺语义，保守删除。,yes
FX_ZJB14_I,C,,observable,6,浮选网络,heuristic,unidentified_signal,drop,drop,drop,缺少中文描述且无法从命名稳定识别工艺语义，保守删除。,yes
FX_ZJB1502_F,C,,observable,6,浮选网络,heuristic,unidentified_signal,drop,drop,drop,缺少中文描述且无法从命名稳定识别工艺语义，保守删除。,yes
FX_ZJB1601_F,C,,observable,6,浮选网络,heuristic,unidentified_signal,drop,drop,drop,缺少中文描述且无法从命名稳定识别工艺语义，保守删除。,yes
FX_ZJB1601_I,C,,observable,6,浮选网络,heuristic,unidentified_signal,drop,drop,drop,缺少中文描述且无法从命名稳定识别工艺语义，保守删除。,yes
FX_ZJB1603_I,C,,observable,6,浮选网络,heuristic,unidentified_signal,drop,drop,drop,缺少中文描述且无法从命名稳定识别工艺语义，保守删除。,yes
FX_LT_1604_BJ,A,一系列尾矿泵池(给尾矿浓缩机)液位报警,observable,7,尾矿收尾,heuristic,alarm_or_status,drop,drop,drop,报警/状态信号不直接表征工艺机理，优先删除。,yes
FX_ZJB1502_I,C,渣浆泵(事故泵)1502电流反馈,observable,7,尾矿收尾,annotated_md,weak_aux_signal,drop,drop,drop,辅助信号与核心工艺链路关系较弱，建议删除。,yes
FX_ZJB1504_F,C,渣浆泵(事故泵)1504频率反馈,observable,7,尾矿收尾,annotated_md,weak_aux_signal,drop,drop,drop,辅助信号与核心工艺链路关系较弱，建议删除。,yes
FX_ZJB1504_I,C,,observable,7,尾矿收尾,annotated_md,unidentified_signal,drop,drop,drop,缺少中文描述且无法从命名稳定识别工艺语义，保守删除。,yes
FX_ZJB1602_I,C,渣浆泵(尾矿泵)1602电流反馈,observable,7,尾矿收尾,annotated_md,weak_aux_signal,drop,drop,drop,辅助信号与核心工艺链路关系较弱，建议删除。,yes
FX_ZJB1604_I,C,渣浆泵(尾矿泵)1604电流反馈,observable,7,尾矿收尾,annotated_md,weak_aux_signal,drop,drop,drop,辅助信号与核心工艺链路关系较弱，建议删除。,yes
MC2_SGB1002_DL,C,2#事故泵电流,observable,7,尾矿收尾,annotated_md,weak_aux_signal,drop,drop,drop,辅助信号与核心工艺链路关系较弱，建议删除。,yes
FX_ZJB1401_I,C,,observable,8,精矿脱水,annotated_md,unidentified_signal,drop,drop,drop,缺少中文描述且无法从命名稳定识别工艺语义，保守删除。,yes
FX_ZJB1402_I,C,,observable,8,精矿脱水,annotated_md,unidentified_signal,drop,drop,drop,缺少中文描述且无法从命名稳定识别工艺语义，保守删除。,yes
FX_ZJB1404_I,C,渣浆泵(精矿泵)1404电流反馈,observable,8,精矿脱水,annotated_md,weak_aux_signal,drop,drop,drop,辅助信号与核心工艺链路关系较弱，建议删除。,yes
FX_LT_1601_BJ,A,一系列精选泡沫及一扫底流泵池(给粗选)液位报警,observable,,未识别,unknown,alarm_or_status,drop,drop,drop,报警/状态信号不直接表征工艺机理，优先删除。,yes
FX_TT_1101,A,一系列1#-1高效搅拌槽温度,observable,,未识别,unknown,weak_aux_signal,drop,drop,drop,辅助信号与核心工艺链路关系较弱，建议删除。,yes
FX_1FP2_ZT,C,,observable,,未识别,unknown,alarm_or_status,drop,drop,drop,报警/状态信号不直接表征工艺机理，优先删除。,yes
FX_3QF05_ZT,C,,observable,,未识别,unknown,alarm_or_status,drop,drop,drop,报警/状态信号不直接表征工艺机理，优先删除。,yes
FX_3QF11_ZT,C,,observable,,未识别,unknown,alarm_or_status,drop,drop,drop,报警/状态信号不直接表征工艺机理，优先删除。,yes
FX_8F16_ZT,C,,observable,,未识别,unknown,alarm_or_status,drop,drop,drop,报警/状态信号不直接表征工艺机理，优先删除。,yes
FX_FT_1601,C,,observable,,未识别,unknown,unidentified_signal,drop,drop,drop,缺少中文描述且无法从命名稳定识别工艺语义，保守删除。,yes
FX_FT_1602,C,,observable,,未识别,unknown,unidentified_signal,drop,drop,drop,缺少中文描述且无法从命名稳定识别工艺语义，保守删除。,yes
FX_FT_612C,C,,observable,,未识别,unknown,unidentified_signal,drop,drop,drop,缺少中文描述且无法从命名稳定识别工艺语义，保守删除。,yes
FX_FT_612D,C,,observable,,未识别,unknown,unidentified_signal,drop,drop,drop,缺少中文描述且无法从命名稳定识别工艺语义，保守删除。,yes
FX_FT_612E,C,,observable,,未识别,unknown,unidentified_signal,drop,drop,drop,缺少中文描述且无法从命名稳定识别工艺语义，保守删除。,yes
FX_FT_612F,C,,observable,,未识别,unknown,unidentified_signal,drop,drop,drop,缺少中文描述且无法从命名稳定识别工艺语义，保守删除。,yes
FX_FT_612G,C,,observable,,未识别,unknown,unidentified_signal,drop,drop,drop,缺少中文描述且无法从命名稳定识别工艺语义，保守删除。,yes
FX_FT_612H,C,,observable,,未识别,unknown,unidentified_signal,drop,drop,drop,缺少中文描述且无法从命名稳定识别工艺语义，保守删除。,yes
FX_FT_622A,C,,observable,,未识别,unknown,unidentified_signal,drop,drop,drop,缺少中文描述且无法从命名稳定识别工艺语义，保守删除。,yes
FX_FT_622A_LJ,C,,observable,,未识别,unknown,unidentified_signal,drop,drop,drop,缺少中文描述且无法从命名稳定识别工艺语义，保守删除。,yes
FX_FT_622B,C,,observable,,未识别,unknown,unidentified_signal,drop,drop,drop,缺少中文描述且无法从命名稳定识别工艺语义，保守删除。,yes
FX_FT_622C,C,,observable,,未识别,unknown,unidentified_signal,drop,drop,drop,缺少中文描述且无法从命名稳定识别工艺语义，保守删除。,yes
FX_FT_622D,C,,observable,,未识别,unknown,unidentified_signal,drop,drop,drop,缺少中文描述且无法从命名稳定识别工艺语义，保守删除。,yes
FX_FT_622E,C,,observable,,未识别,unknown,unidentified_signal,drop,drop,drop,缺少中文描述且无法从命名稳定识别工艺语义，保守删除。,yes
FX_FT_622E_SP,C,,observable,,未识别,unknown,unidentified_signal,drop,drop,drop,缺少中文描述且无法从命名稳定识别工艺语义，保守删除。,yes
FX_FT_622F,C,,observable,,未识别,unknown,unidentified_signal,drop,drop,drop,缺少中文描述且无法从命名稳定识别工艺语义，保守删除。,yes
FX_FT_622G,C,,observable,,未识别,unknown,unidentified_signal,drop,drop,drop,缺少中文描述且无法从命名稳定识别工艺语义，保守删除。,yes
FX_FT_622H,C,,observable,,未识别,unknown,unidentified_signal,drop,drop,drop,缺少中文描述且无法从命名稳定识别工艺语义，保守删除。,yes
FX_FT_642A,C,,observable,,未识别,unknown,unidentified_signal,drop,drop,drop,缺少中文描述且无法从命名稳定识别工艺语义，保守删除。,yes
FX_FT_642B,C,,observable,,未识别,unknown,unidentified_signal,drop,drop,drop,缺少中文描述且无法从命名稳定识别工艺语义，保守删除。,yes
FX_FT_642C,C,,observable,,未识别,unknown,unidentified_signal,drop,drop,drop,缺少中文描述且无法从命名稳定识别工艺语义，保守删除。,yes
FX_FT_642D,C,,observable,,未识别,unknown,unidentified_signal,drop,drop,drop,缺少中文描述且无法从命名稳定识别工艺语义，保守删除。,yes
FX_HV_621A_AI,C,,observable,,未识别,unknown,unidentified_signal,drop,drop,drop,缺少中文描述且无法从命名稳定识别工艺语义，保守删除。,yes
FX_HV_621B_AI,C,,observable,,未识别,unknown,unidentified_signal,drop,drop,drop,缺少中文描述且无法从命名稳定识别工艺语义，保守删除。,yes
FX_HV_621C_AI,C,,observable,,未识别,unknown,unidentified_signal,drop,drop,drop,缺少中文描述且无法从命名稳定识别工艺语义，保守删除。,yes
FX_HV_621D_AI,C,,observable,,未识别,unknown,unidentified_signal,drop,drop,drop,缺少中文描述且无法从命名稳定识别工艺语义，保守删除。,yes
FX_JBC1801_I,C,,observable,,未识别,unknown,unidentified_signal,drop,drop,drop,缺少中文描述且无法从命名稳定识别工艺语义，保守删除。,yes
FX_LT_1601,C,,observable,,未识别,unknown,unidentified_signal,drop,drop,drop,缺少中文描述且无法从命名稳定识别工艺语义，保守删除。,yes
FX_LT_1601_HSV,C,,observable,,未识别,unknown,unidentified_signal,drop,drop,drop,缺少中文描述且无法从命名稳定识别工艺语义，保守删除。,yes
FX_LT_1602,C,,observable,,未识别,unknown,unidentified_signal,drop,drop,drop,缺少中文描述且无法从命名稳定识别工艺语义，保守删除。,yes
FX_LT_1602_BJ,C,,observable,,未识别,unknown,alarm_or_status,drop,drop,drop,报警/状态信号不直接表征工艺机理，优先删除。,yes
FX_TT_1105,C,,observable,,未识别,unknown,unidentified_signal,drop,drop,drop,缺少中文描述且无法从命名稳定识别工艺语义，保守删除。,yes
FX_TT_2102,C,,observable,,未识别,unknown,unidentified_signal,drop,drop,drop,缺少中文描述且无法从命名稳定识别工艺语义，保守删除。,yes
FX_TT_2104,C,,observable,,未识别,unknown,unidentified_signal,drop,drop,drop,缺少中文描述且无法从命名稳定识别工艺语义，保守删除。,yes
FX_TT_2106,C,,observable,,未识别,unknown,unidentified_signal,drop,drop,drop,缺少中文描述且无法从命名稳定识别工艺语义，保守删除。,yes
FX_TT_621B2,C,,observable,,未识别,unknown,unidentified_signal,drop,drop,drop,缺少中文描述且无法从命名稳定识别工艺语义，保守删除。,yes
FX_TT_621C1,C,,observable,,未识别,unknown,unidentified_signal,drop,drop,drop,缺少中文描述且无法从命名稳定识别工艺语义，保守删除。,yes
FX_TT_631B,C,,observable,,未识别,unknown,unidentified_signal,drop,drop,drop,缺少中文描述且无法从命名稳定识别工艺语义，保守删除。,yes
FX_TT_901_JK,C,,observable,,未识别,unknown,unidentified_signal,drop,drop,drop,缺少中文描述且无法从命名稳定识别工艺语义，保守删除。,yes
FX_TT_902_JK,C,离心鼓风机902进口温度,observable,,未识别,unknown,weak_aux_signal,drop,drop,drop,辅助信号与核心工艺链路关系较弱，建议删除。,yes
FX_TT_906_JK,C,,observable,,未识别,unknown,unidentified_signal,drop,drop,drop,缺少中文描述且无法从命名稳定识别工艺语义，保守删除。,yes
FX_TV_611_AI,C,,observable,,未识别,unknown,unidentified_signal,drop,drop,drop,缺少中文描述且无法从命名稳定识别工艺语义，保守删除。,yes
FX_TV_621A_AI,C,,observable,,未识别,unknown,unidentified_signal,drop,drop,drop,缺少中文描述且无法从命名稳定识别工艺语义，保守删除。,yes
FX_TV_621B_AI,C,,observable,,未识别,unknown,unidentified_signal,drop,drop,drop,缺少中文描述且无法从命名稳定识别工艺语义，保守删除。,yes
FX_TV_621C_AI,C,,observable,,未识别,unknown,unidentified_signal,drop,drop,drop,缺少中文描述且无法从命名稳定识别工艺语义，保守删除。,yes
FX_TV_621D_AI,C,,observable,,未识别,unknown,unidentified_signal,drop,drop,drop,缺少中文描述且无法从命名稳定识别工艺语义，保守删除。,yes
FX_ZJB3002_I,C,,observable,,未识别,unknown,unidentified_signal,drop,drop,drop,缺少中文描述且无法从命名稳定识别工艺语义，保守删除。,yes
FX_ZJB3004_I,C,,observable,,未识别,unknown,unidentified_signal,drop,drop,drop,缺少中文描述且无法从命名稳定识别工艺语义，保守删除。,yes
FX_ZJB33_F,C,,observable,,未识别,unknown,unidentified_signal,drop,drop,drop,缺少中文描述且无法从命名稳定识别工艺语义，保守删除。,yes
FX_ZJB33_I,C,,observable,,未识别,unknown,unidentified_signal,drop,drop,drop,缺少中文描述且无法从命名稳定识别工艺语义，保守删除。,yes
FX_ZJB34_I,C,,observable,,未识别,unknown,unidentified_signal,drop,drop,drop,缺少中文描述且无法从命名稳定识别工艺语义，保守删除。,yes
FX_ZJB41_I,C,,observable,,未识别,unknown,unidentified_signal,drop,drop,drop,缺少中文描述且无法从命名稳定识别工艺语义，保守删除。,yes
FX_ZJB43_I,C,,observable,,未识别,unknown,unidentified_signal,drop,drop,drop,缺少中文描述且无法从命名稳定识别工艺语义，保守删除。,yes
FX_ZJB62_I,C,,observable,,未识别,unknown,unidentified_signal,drop,drop,drop,缺少中文描述且无法从命名稳定识别工艺语义，保守删除。,yes
MC2_FET102_DL_AI,C,,observable,,未识别,unknown,unidentified_signal,drop,drop,drop,缺少中文描述且无法从命名稳定识别工艺语义，保守删除。,yes
MC2_LET_302_AI,C,,observable,,未识别,unknown,unidentified_signal,drop,drop,drop,缺少中文描述且无法从命名稳定识别工艺语义，保守删除。,yes
MC2_LET_502_AI,C,,observable,,未识别,unknown,unidentified_signal,drop,drop,drop,缺少中文描述且无法从命名稳定识别工艺语义，保守删除。,yes
MC2_SGB1002_HZ,C,,observable,,未识别,unknown,unidentified_signal,drop,drop,drop,缺少中文描述且无法从命名稳定识别工艺语义，保守删除。,yes
MC2_SGB1003_DL,C,3#事故泵电流,observable,,未识别,unknown,weak_aux_signal,drop,drop,drop,辅助信号与核心工艺链路关系较弱，建议删除。,yes
MC2_SGB1003_HZ,C,3#事故泵频率反馈,observable,,未识别,unknown,weak_aux_signal,drop,drop,drop,辅助信号与核心工艺链路关系较弱，建议删除。,yes
MC2_WKB903_DL,C,,observable,,未识别,unknown,unidentified_signal,drop,drop,drop,缺少中文描述且无法从命名稳定识别工艺语义，保守删除。,yes
